USER_NAME,USERID,ISACTIVE,PASSWORD,LASTLOGINDATE
OAA01281,OAA01281,Y,q5HSe/o4spX+Kgpt0ijJTg==,12:05:41 AM
OAA01282,OAA01282,Y,q5HSe/o4spX+Kgpt0ijJTg==,12:05:41 AM
OAA01283,OAA01283,Y,q5HSe/o4spX+Kgpt0ijJTg==,12:05:41 AM
OAA01284,OAA01284,Y,q5HSe/o4spX+Kgpt0ijJTg==,12:05:41 AM
OAA01285,OAA01285,Y,q5HSe/o4spX+Kgpt0ijJTg==,4:05:41 AM
OAA01286,OAA01286,Y,q5HSe/o4spX+Kgpt0ijJTg==,6:05:41 AM
OAA01287,OAA01287,Y,q5HSe/o4spX+Kgpt0ijJTg==,7:05:41 AM
OAA01288,OAA01288,Y,q5HSe/o4spX+Kgpt0ijJTg==,8:05:41 AM
OAA01289,OAA01289,Y,q5HSe/o4spX+Kgpt0ijJTg==,9:05:41 AM
OAA01290,OAA01290,Y,q5HSe/o4spX+Kgpt0ijJTg==,10:05:41 AM
OAA01291,OAA01291,Y,q5HSe/o4spX+Kgpt0ijJTg==,11:05:41 AM
OAA01292,OAA01292,Y,q5HSe/o4spX+Kgpt0ijJTg==,12:05:41 PM
OAA01293,OAA01293,Y,q5HSe/o4spX+Kgpt0ijJTg==,1:05:41 PM
OAA01294,OAA01294,Y,q5HSe/o4spX+Kgpt0ijJTg==,2:05:41 PM
OAA01295,OAA01295,Y,q5HSe/o4spX+Kgpt0ijJTg==,3:05:41 PM
OAA01296,OAA01296,Y,q5HSe/o4spX+Kgpt0ijJTg==,4:05:41 PM
OAA01297,OAA01297,Y,q5HSe/o4spX+Kgpt0ijJTg==,5:05:41 PM
OAA01298,OAA01298,Y,q5HSe/o4spX+Kgpt0ijJTg==,6:05:41 PM
OAA01299,OAA01299,Y,q5HSe/o4spX+Kgpt0ijJTg==,7:05:41 PM
OAA01300,OAA01300,Y,q5HSe/o4spX+Kgpt0ijJTg==,8:05:41 PM
